Theme,Sub Theme,Feature Name,Co-ordinates
Transport,Railway Station,Flemington Bridge Railway Station,"-37.7881645889621, 144.939277838304"
Mixed Use,Retail/Office/Carpark,Council House 2 (CH2),"-37.8142591432011, 144.966638432727"
Leisure/Recreation,Informal Outdoor Facility (Park/Garden/Reserve),Carlton Gardens South,"-37.8060684577258, 144.971266479841"
Place of Worship,Church,Wesley Church,"-37.8101576446961, 144.968168215633"
Place of Worship,Church,St Augustines Church,"-37.8169741358546, 144.954862000132"
Place of Worship,Church,Church of Christ,"-37.8104524079085, 144.96388920294"
Place of Worship,Church,Holy Trinity,"-37.8140667110854, 144.983197322289"
Place of Worship,Church,Melbourne Unitarian Church,"-37.8114487773394, 144.984664890999"
Place of Worship,Church,All Nations Uniting Church,"-37.7959155303946, 144.968981110942"
Place of Worship,Church,Our Lady of Lebanon Church,"-37.8025766539683, 144.969334720932"
Place of Worship,Church,St Alban Anglican Church,"-37.7942169477929, 144.94161451392"
Place of Worship,Church,Christ Church Kensington,"-37.7932109480553, 144.92729572288"
Place of Worship,Church,Holy Rosary,"-37.7948087414394, 144.928362125005"
Health Services,Private Hospital,Melbourne Private Hospital,"-37.7983111309698, 144.95728837725"
Community Use,Police Station,Victoria Police,"-37.8003121288849, 144.954697453742"
Community Use,Police Station,Victoria Police,"-37.8219773910249, 144.953398014034"
Leisure/Recreation,Private Sports Club/Facility,Royal Park Golf Course,"-37.7819171308558, 144.956309119368"
Leisure/Recreation,Major Sports & Recreation Facility,Visy Park,"-37.7834303940347, 144.961982577553"
Place Of Assembly,Art Gallery/Museum,Old Melbourne Gaol Crime & Justice Experience,"-37.8077644149636, 144.965463853978"
Place Of Assembly,Theatre Live,Playhouse,"-37.8218124583016, 144.968337832721"
Leisure/Recreation,Informal Outdoor Facility (Park/Garden/Reserve),Batman Park,"-37.8218460949601, 144.956665812218"
Office,Office,Australian Red Cross,"-37.7990921023192, 144.952635945774"
Place Of Assembly,Function/Conference/Exhibition Centre,Melbourne Exhibition Centre,"-37.8252455123297, 144.95435243249"
Place Of Assembly,Art Gallery/Museum,Polly Woodside,"-37.8242574266145, 144.953478052064"
Place Of Assembly,Art Gallery/Museum,Victorian Arts Centre,"-37.8219947335768, 144.968837288153"
Community Use,Public Buildings,Melbourne Town Hall,"-37.8150754791411, 144.966542722283"
Mixed Use,Retail/Office,DFO South Wharf,"-37.824887401234, 144.949794297819"
Community Use,Public Buildings,Sidney Myer Music Bowl,"-37.8233471608733, 144.974686151365"
Health Services,Public Hospital,The Royal Victorian Eye & Ear Hospital,"-37.8087522829868, 144.976268275082"
Place Of Assembly,Art Gallery/Museum,The Ian Potter Centre: NGV Australia,"-37.8174831423197, 144.969899048343"
Purpose Built,Film & RV Studio,Channel 7 - Melbourne Broadcast Centre,"-37.8158572333481, 144.94582326909"
Vacant Land,Current Construction Site,Harbour Town,"-37.8139256326845, 144.938123825625"
Leisure/Recreation,Major Sports & Recreation Facility,AAMI Park,"-37.8247252673963, 144.98380297866"
Place Of Assembly,Function/Conference/Exhibition Centre,Central Pier,"-37.8165177307702, 144.943475014215"
Leisure/Recreation,Observation Tower/Wheel,Melbourne Star Observation Wheel,"-37.8116163666726, 144.937588920436"
Education Centre,Further Education,Kangan Batman Tafe,"-37.8221818203024, 144.948908460665"
Leisure/Recreation,Major Sports & Recreation Facility,Margaret Court Arena,"-37.8213252086842, 144.977591098955"
Place Of Assembly,Theatre Live,MTC Theatre,"-37.8242661832902, 144.968174400274"
Community Use,Public Buildings,NGV International,"-37.8230135000869, 144.969342535451"
Leisure/Recreation,Informal Outdoor Facility (Park/Garden/Reserve),Birrarung Marr,"-37.81806108403, 144.97314667014"
Leisure/Recreation,Indoor Recreation Facility,Artplay,"-37.8184198800044, 144.971542586509"
Leisure/Recreation,Informal Outdoor Facility (Park/Garden/Reserve),Riverslide Skate Park,"-37.8207887122448, 144.972951789291"
Transport,Railway Station,Macaulay Railway Station (North Melbourne) - Train stop,"-37.794964001386, 144.936190756632"
Transport,Railway Station,Kensington Railway Station,"-37.7939140126373, 144.930710207518"
Leisure/Recreation,Informal Outdoor Facility (Park/Garden/Reserve),Royal Park,"-37.7906174256581, 144.953834240647"
Leisure/Recreation,Informal Outdoor Facility (Park/Garden/Reserve),Shrine of Rembrance Reserve,"-37.8320733992876, 144.973628364465"
Residential Accommodation,Dwelling (House),Government House,"-37.8275635886174, 144.976655130464"
Leisure/Recreation,Informal Outdoor Facility (Park/Garden/Reserve),Royal Botanic Gardens,"-37.8306631583233, 144.980850432751"
Leisure/Recreation,Informal Outdoor Facility (Park/Garden/Reserve),Yarra Park,"-37.820469374101, 144.986671109615"
Office,Office,Coronial Services Centre of Victoria,"-37.8243437355246, 144.96447462898"
Leisure/Recreation,Indoor Recreation Facility,Icehouse,"-37.8121881194053, 144.935684018873"
Transport,Railway Station,Parliament Railway Station,"-37.8127621113552, 144.973433796529"
Transport,Railway Station,Parliament Railway Station,"-37.8095762219384, 144.972330132127"
Transport,Railway Station,Melbourne Central Railway Station,"-37.8097759325888, 144.962670059539"
Transport,Railway Station,Flemington Racecourse Railway Station,"-37.7869105822519, 144.908190706069"
Leisure/Recreation,Informal Outdoor Facility (Park/Garden/Reserve),Darling Square,"-37.81299206932, 144.989062559512"
Place Of Assembly,Art Gallery/Museum,Victoria Police Museum,"-37.8222182774409, 144.954039975197"
Place Of Assembly,Art Gallery/Museum,Immigration Museum,"-37.8191798798062, 144.960426777129"
Place of Worship,Church,St Pauls Cathedral,"-37.8169549012399, 144.967681647402"
Warehouse/Store,Store Yard,Melbourne Wholesale Fish Market,"-37.8083471006041, 144.930613255612"
Place Of Assembly,Art Gallery/Museum,Fire Services Museum Victoria,"-37.8085761281612, 144.975373745366"
Place Of Assembly,Art Gallery/Museum,The Ian Potter Museum Of Art,"-37.7973939595503, 144.964156669702"
Education Centre,Tertiary (University),University of Melbourne,"-37.7982892284927, 144.96099520158"
Mixed Use,Retail/Office/Residential/Carpark,QV Village,"-37.8106891897454, 144.965714574014"
Leisure/Recreation,Informal Outdoor Facility (Park/Garden/Reserve),Parliament Reserve,"-37.809852620638, 144.973462202839"
Leisure/Recreation,Major Sports & Recreation Facility,North Melbourne Recreation Centre (Aquatic),"-37.7999470049655, 144.943290801869"
Office,Office,North Melbourne Football Club,"-37.799771364073, 144.940963510723"
Leisure/Recreation,Gymnasium/Health Club,North Melbourne Recreation Centre (Gymnasium),"-37.7997051197931, 144.940368286395"
Leisure/Recreation,Indoor Recreation Facility,Carlton Baths,"-37.7934377042609, 144.971696548624"
Community Use,Public Buildings,Conservatory,"-37.814002127195, 144.9785597431"
Mixed Use,Retail/Residential,Eureka Tower,"-37.8215157539717, 144.964456721965"
Mixed Use,Retail/Office/Residential/Carpark,Freshwater Place,"-37.8219745489446, 144.96246144843"
Community Use,Visitor Centre,Melbourne Visitor Centre,"-37.8177352402006, 144.967937138226"
Place Of Assembly,Art Gallery/Museum,Australian Centre For The Moving Image (ACMI),"-37.8176107327202, 144.969070431323"
Place Of Assembly,Function/Conference/Exhibition Centre,Dallas Brooks Centre,"-37.8097374138234, 144.981383411592"
Place of Worship,Church,St Francis Church,"-37.8118847831837, 144.962422614541"
Place of Worship,Church,St James Church,"-37.8101281201969, 144.952468571683"
Place of Worship,Church,St Mary's Anglican Church,"-37.8031663672997, 144.953761537074"
Place of Worship,Church,Scots Church,"-37.8145687802664, 144.96855105335"
Place of Worship,Church,St Michael's Uniting Church,"-37.8143851324913, 144.969174036096"
Place of Worship,Church,Greek Orthodox Church,"-37.8088064667555, 144.978259089269"
Place of Worship,Church,North Melbourne Uniting,"-37.8035538471344, 144.947671538375"
Place of Worship,Church,South Yarra Presbyterian Church,"-37.8407473645397, 144.98562699348"
Place of Worship,Synagogue,East Melbourne Synagogue,"-37.809113728917, 144.97422190954"
Transport,Transport Terminal,Port of Melbourne,"-37.8137384362671, 144.91753432375"
Leisure/Recreation,Major Sports & Recreation Facility,Carlton Football Club,"-37.7840864379557, 144.961967841559"
Education Centre,Primary Schools,Carlton Gardens Primary School,"-37.8020953835112, 144.969406272035"
Leisure/Recreation,Informal Outdoor Facility (Park/Garden/Reserve),Carlton Gardens North,"-37.8017690847403, 144.971997551189"
Leisure/Recreation,Informal Outdoor Facility (Park/Garden/Reserve),Kings Domain,"-37.8255239795833, 144.974107925144"
Education Centre,Secondary Schools,Melbourne Grammar School,"-37.8342561018747, 144.976285045233"
Place Of Assembly,Theatre Live,FairFax Studio,"-37.8216684581887, 144.968836241692"
Leisure/Recreation,Major Sports & Recreation Facility,Flemington Racecourse,"-37.7908082646624, 144.912142987372"
Leisure/Recreation,Informal Outdoor Facility (Park/Garden/Reserve),Treasury Gardens,"-37.8143993575938, 144.975952335785"
Mixed Use,Retail/Office,Treasury Reserve,"-37.8129178793082, 144.975236759799"
Health Services,Private Hospital,Epworth Freemasons Hospital : Medical Centre,"-37.8093444587231, 144.982336768182"
Community Use,Government Building,Melbourne Magistrates Court,"-37.8136147671606, 144.956846193891"
Transport,Railway Station,Flagstaff Railway Station,"-37.8122356514626, 144.956318211113"
Leisure/Recreation,Major Sports & Recreation Facility,Melbourne Cricket Ground (MCG),"-37.8194921618419, 144.983402879078"
Vacant Land,Vacant Land - Undeveloped Site,Melbourne International Karting Complex,"-37.8310746380616, 144.913822928701"
Mixed Use,Retail/Office/Carpark,Southgate Arts and Leisure Precinct,"-37.8202245786597, 144.965989052839"
Place Of Assembly,Art Gallery/Museum,Australian Centre for Contemporary Art,"-37.8266045432686, 144.967252924593"
Place of Worship,Church,St Patricks Cathedral,"-37.8101140950474, 144.975901529712"
Office,Office,Parliament House,"-37.811246655376, 144.97372641185"
Office,Office,Former Royal Mint,"-37.8121838748712, 144.957055454136"
Leisure/Recreation,Informal Outdoor Facility (Park/Garden/Reserve),Queen Victoria Gardens,"-37.8216381244891, 144.971049530478"
Office,Office,SBS (Special Broadcasting Service),"-37.8176921210305, 144.968740597156"
Leisure/Recreation,Informal Outdoor Facility (Park/Garden/Reserve),Federation Square,"-37.8178516571684, 144.968963600783"
Leisure/Recreation,Informal Outdoor Facility (Park/Garden/Reserve),New Quay,"-37.8152178789077, 144.941617889032"
Purpose Built,Film & RV Studio,Central City Studios,"-37.8142318521296, 144.935655305362"
Transport,Marina,New Quay Marina,"-37.8152925454954, 144.942283726231"
Leisure/Recreation,Informal Outdoor Facility (Park/Garden/Reserve),Newmarket Reserve,"-37.7878473341234, 144.922972125346"
Health Services,Public Hospital,Royal Womens Hospital,"-37.7988892460088, 144.954897253856"
Specialist Residential Accommodation,Hostel,The Mission To Seafarers Victoria,"-37.8224995970811, 144.951254841448"
Leisure/Recreation,"Outdoor Recreation Facility (Zoo, Golf Course)",Wonderland Park,"-37.8116945351989, 144.936833674975"
Leisure/Recreation,Major Sports & Recreation Facility,Rod Laver Arena,"-37.8220456119807, 144.978487173787"
Leisure/Recreation,Major Sports & Recreation Facility,Melbourne Park,"-37.8209085970021, 144.978735802793"
Leisure/Recreation,Major Sports & Recreation Facility,Hisense Arena,"-37.823110002667, 144.981834802535"
Place Of Assembly,Art Gallery/Museum,Melbourne Museum,"-37.8035518129299, 144.971690718887"
Community Use,Public Buildings,Elisabeth Murdoch Hall,"-37.8239733704282, 144.967450979234"
Community Use,Public Buildings,Melbourne Recital Centre,"-37.8238327885805, 144.967682729667"
Place Of Assembly,Theatre Live,Hamer Hall,"-37.8199901009015, 144.967992144257"
Leisure/Recreation,Informal Outdoor Facility (Park/Garden/Reserve),J.J Holland Park,"-37.7982358832177, 144.923837074813"
Transport,Railway Station,South Kensington Railway Station,"-37.7997270537735, 144.925837749713"
Health Services,Public Hospital,Royal Childrens Hospital,"-37.7942060847278, 144.950048264678"
Transport,Railway Station,Royal Park Railway Station,"-37.7812684282825, 144.951667833921"
Place Of Assembly,Art Gallery/Museum,National Sports Museum,"-37.8189544909462, 144.984669809381"
Office,Office,State Coroners Office,"-37.8244982228756, 144.964675254819"
Transport,Railway Station,Flagstaff Railway Station,"-37.8116384403974, 144.9561186805"
Transport,Railway Station,Melbourne Central Railway Station,"-37.8105992402369, 144.96169061383"
Transport,Railway Station,Melbourne Central Railway Station,"-37.8108930047401, 144.963100728702"
Place Of Assembly,Theatre Live,Athanaeum Theatre,"-37.814954347831, 144.96732254212"
Leisure/Recreation,"Outdoor Recreation Facility (Zoo, Golf Course)",Riverside Park,"-37.7948375315825, 144.915607065132"
Leisure/Recreation,Informal Outdoor Facility (Park/Garden/Reserve),Flagstaff Gardens,"-37.8111222889277, 144.954696055235"
Education Centre,Primary Schools,North Melbourne Primary School,"-37.7986737155551, 144.951065772876"
Place Of Assembly,Theatre Live,Her Majesty's Theatre,"-37.8109975612842, 144.969520183129"
Leisure/Recreation,Informal Outdoor Facility (Park/Garden/Reserve),Fawkner Park,"-37.8413996708186, 144.981625667877"
Leisure/Recreation,Informal Outdoor Facility (Park/Garden/Reserve),Fitzroy Gardens,"-37.8129616331579, 144.980455714669"
Place Of Assembly,Art Gallery/Museum,Sinclair's Cottage,"-37.8145407488014, 144.980554992725"
Education Centre,Tertiary (University),BIO 21 Institute,"-37.7978743305343, 144.953780325865"
Leisure/Recreation,Informal Outdoor Facility (Park/Garden/Reserve),Enterprize Park,"-37.820210269629, 144.959276859602"
Transport,Railway Station,Flinders Street Railway Station,"-37.8179063007545, 144.967064817875"
Community Use,Fire Station,Metropolitan Fire Brigade (MFB),"-37.8092318636838, 144.975247619376"
Health Services,Public Hospital,Royal Melbourne Hospital,"-37.7993071664096, 144.956389746765"
Place Of Assembly,Art Gallery/Museum,Koorie Heritage Trust Inc,"-37.8133854259085, 144.954027907736"
Community Use,Public Buildings,Commonwealth Law Courts,"-37.8123961677596, 144.955823833257"
Education Centre,Tertiary (University),RMIT University,"-37.8080795360545, 144.964452974798"
Leisure/Recreation,Informal Outdoor Facility (Park/Garden/Reserve),Macarthur Square,"-37.7983318676737, 144.971514146104"
Leisure/Recreation,Major Sports & Recreation Facility,City Baths,"-37.8071585350561, 144.963189789721"
Leisure/Recreation,Informal Outdoor Facility (Park/Garden/Reserve),Westgate Park,"-37.8314918578874, 144.908824792698"
Transport,Railway Station,North Melbourne Railway Station,"-37.8073823625058, 144.942429848025"
Place Of Assembly,Art Gallery/Museum,Cooks' Cottage,"-37.8144604899837, 144.979471339826"
Place Of Assembly,Art Gallery/Museum,Royal Exhibition Building,"-37.80460262432, 144.971521914952"
Community Use,Public Buildings,Melbourne Childrens Court,"-37.8125077646598, 144.958298873269"
Leisure/Recreation,Major Sports & Recreation Facility,Etihad Stadium,"-37.8161760471742, 144.947496254547"
Leisure/Recreation,Observation Tower/Wheel,Eureka Skydeck 88,"-37.8216187583314, 144.964622218598"
Community Use,Public Buildings,County Court Melbourne,"-37.8132011619962, 144.957734246387"
Health Services,Public Hospital,Peter Maccallum Cancer Institute,"-37.8114766732026, 144.977400949063"
Leisure/Recreation,Informal Outdoor Facility (Park/Garden/Reserve),Sandridge Rail Bridge,"-37.8201763042794, 144.96298113724"
Leisure/Recreation,Informal Outdoor Facility (Park/Garden/Reserve),Lincoln Square,"-37.8027919689732, 144.962760852233"
Health Services,Private Hospital,Epworth Freemasons Hospital,"-37.8109710654051, 144.98370007659"
Residential Accommodation,Dwelling (House),Bishopscourt,"-37.8132921649416, 144.98350690799"
Place Of Assembly,Art Gallery/Museum,The Museum Of Australian Chinese History,"-37.8107686127655, 144.96923385414"
Place Of Assembly,Library,The Melbourne Athenaeum Library,"-37.8148855756416, 144.967291289941"
Place of Worship,Church,Romanian Orthodox,"-37.8052307297468, 144.966986444597"
Place of Worship,Church,Welsh Presbyterian Church,"-37.8104478768313, 144.959873260087"
Place of Worship,Church,St Peter's Eastern Hill,"-37.8097086714637, 144.975259178609"
Place of Worship,Church,Lutheran Trinity Church,"-37.8109757054396, 144.975729473552"
Place of Worship,Church,St Johns Lutheran Church,"-37.8209399677168, 144.967121099857"
Place of Worship,Church,St Michaels,"-37.7940512679297, 144.945399480629"
Place of Worship,Church,Ukranian Catholic Cathedral,"-37.7963084580345, 144.944313454028"
Place of Worship,Church,Collins Street Baptist Church,"-37.8147011904647, 144.968072486031"
Place of Worship,Church,St Thomas Aquinas Church,"-37.8353076902578, 144.976809080472"
Place of Worship,Church,The Parish of Christ Church South Yarra,"-37.8386270533576, 144.986009385387"
Community Use,Police Station,Victoria Police,"-37.8164849024046, 144.966486801188"
Community Use,Visitor Centre,Melbourne Visitor Booth,"-37.8139525061193, 144.964425882562"
Leisure/Recreation,Major Sports & Recreation Facility,State Netball Hockey Centre,"-37.7857860016289, 144.947580972027"
Leisure/Recreation,Informal Outdoor Facility (Park/Garden/Reserve),University Square,"-37.800410711209, 144.960398319302"
Leisure/Recreation,Informal Outdoor Facility (Park/Garden/Reserve),Powlett Reserve,"-37.8116929882498, 144.987275671763"
Community Use,Cemetery,Melbourne General Cemetery,"-37.7891890023616, 144.965785979892"
Retail,Retail,Queen Victoria Market,"-37.8075002018073, 144.957158515056"
Education Centre,Primary Schools,Carlton Primary School,"-37.7959079757171, 144.970147317976"
Education Centre,School - Primary and Secondary Education,Wesley College,"-37.8485201804496, 144.982227770988"
Place Of Assembly,Theatre Live,State Theatre,"-37.8212806349773, 144.968469643744"
Education Centre,Tertiary (University),University of Melbourne (VCA and Music),"-37.8241137662047, 144.96933253996"
Place Of Assembly,Theatre Live,St Martins Youth Arts Centre,"-37.8352429531289, 144.98114217385"
Transport,Railway Station,Southern Cross Railway Station,"-37.8181633057171, 144.952944748845"
Place Of Assembly,Theatre Live,Princess Theatre,"-37.8107257091302, 144.9723265962"
Education Centre,Secondary Schools,University High School,"-37.7973136216903, 144.956034449946"
Community Use,Public Buildings,State Library Victoria,"-37.8099852201226, 144.964330322397"
Place Of Assembly,Theatre Live,Regent Theatre,"-37.8160014744179, 144.967916735261"
Office,Office,Old Treasury Building,"-37.8132371662585, 144.974423610255"
Community Use,Public Buildings,Supreme Court,"-37.8141494182814, 144.957894024264"
Leisure/Recreation,Informal Outdoor Facility (Park/Garden/Reserve),Richmond Football Club,"-37.8216740022008, 144.988156318781"
Leisure/Recreation,"Outdoor Recreation Facility (Zoo, Golf Course)",Melbourne Zoo,"-37.7844449253712, 144.951371205938"
Office,Office,Australian Broadcasting Corporation (ABC),"-37.823813323734, 144.966551401578"
Place Of Assembly,Function/Conference/Exhibition Centre,Melbourne Convention Centre,"-37.8249040484653, 144.952288281644"
Leisure/Recreation,Private Sports Club/Facility,Melbourne International Shooting Club,"-37.8292844929826, 144.913415802464"
Place Of Assembly,Theatre Live,Malthouse Theatre,"-37.8271768001126, 144.966936821789"
Purpose Built,Casino,Crown Entertainment Complex,"-37.8235761092516, 144.957312880653"
Place Of Assembly,Art Gallery/Museum,Thoroughbred Racing Gallery,"-37.8188662730911, 144.9839700954"
Leisure/Recreation,Informal Outdoor Facility (Park/Garden/Reserve),Docklands Park,"-37.8209956785618, 144.946781702342"
Mixed Use,Retail/Office,Waterfront City,"-37.815056661803, 144.939136876334"
Leisure/Recreation,Informal Outdoor Facility (Park/Garden/Reserve),Point Park,"-37.8233522700646, 144.942102276731"
Education Centre,Primary Schools,Kensington Primary School,"-37.7925235045455, 144.927108735461"
Place Of Assembly,Art Gallery/Museum,Fox Classic Car Collection,"-37.8213744301481, 144.948496661709"
Vacant Land,Current Construction Site - Commercial,Railway Good Shed No 2,"-37.8211371302179, 144.951378883631"
Place Of Assembly,Cinema,IMAX Melbourne,"-37.8034315561903, 144.970639929886"
Community Use,Public Buildings,Melbourne Theatre Company,"-37.823930384816, 144.968297429894"
Leisure/Recreation,Informal Outdoor Facility (Park/Garden/Reserve),Alexandra Gardens,"-37.8206051404251, 144.971796067365"
Transport,Railway Station,Parliament Railway Station,"-37.8116061787171, 144.973017263156"
Transport,Railway Station,Richmond Railway Station (Richmond) - Train stop,"-37.8238992659834, 144.989400751664"
Transport,Railway Station,Jolimont-MCG Railway Station (East Melbourne) - Train stop,"-37.8165651811668, 144.983641003377"
Leisure/Recreation,Informal Outdoor Facility (Park/Garden/Reserve),North Melbourne Recreation Reserve,"-37.7988345257153, 144.941452061463"
Leisure/Recreation,Informal Outdoor Facility (Park/Garden/Reserve),Princes Park,"-37.7870161727156, 144.961115214367"
Community Use,Public Buildings,Shrine of Remembrance,"-37.8302080020387, 144.973441913623"
Office,Office,Victorian Insitute of Forensic Medicine,"-37.8246924089335, 144.964979061564"
Office,Office,Donor Tissue Bank of Victoria,"-37.8248231859563, 144.965169035668"
Transport,Railway Station,Parliament Railway Station,"-37.8121572789173, 144.973742010011"
Transport,Railway Station,Showgrounds Railway Station (Flemington),"-37.7834651216244, 144.914902626775"
Transport,Railway Station,Newmarket Railway Station,"-37.7872726241965, 144.929059958114"
Health Services,Public Hospital,Alfred Hospital,"-37.8462631206461, 144.981786260765"
Place Of Assembly,Theatre Live,Carlton Courthouse Theatre,"-37.7976589943217, 144.968750113566"
Leisure/Recreation,"Outdoor Recreation Facility (Zoo, Golf Course)",Melbourne Showgrounds,"-37.7823097850883, 144.910822117306"
Place Of Assembly,Theatre Live,Comedy Theatre,"-37.8102053945163, 144.97013311862"
Place Of Assembly,Theatre Live,La Mama Theatre,"-37.7991304956733, 144.967669503083"
Industrial,Industrial (Manufacturing),Kraft,"-37.8262313085528, 144.923475698195"
Place Of Assembly,Theatre Live,Forum Theatre,"-37.816485409696, 144.969386556998"
Mixed Use,Retail/Office/Carpark,"Melbourne Wholesale Fruit, Vegetable & Flower Market","-37.80687252157, 144.923287444259"
Mixed Use,Retail/Office/Carpark,Melbourne Central,"-37.8105371797142, 144.962749729496"
Transport,Railway Station,Melbourne Central Railway Station,"-37.8100167030855, 144.963789344893"
Leisure/Recreation,Informal Outdoor Facility (Park/Garden/Reserve),Argyle Square,"-37.8031480577285, 144.965761295089"
Leisure/Recreation,Informal Outdoor Facility (Park/Garden/Reserve),Piazza Italia,"-37.8025164192523, 144.965863092947"
Leisure/Recreation,Informal Outdoor Facility (Park/Garden/Reserve),Murchinson Square,"-37.8002735025371, 144.973059252203"
Purpose Built,Aquarium,Melbourne Aquarium,"-37.8209627824685, 144.958425696055"
Leisure/Recreation,Major Sports & Recreation Facility,Westpac Centre,"-37.8242456858593, 144.979720306309"
Health Services,Public Hospital,Royal Dental Hospital,"-37.7995065904416, 144.964526842767"
Transport,Bridge,Webb Bridge,"-37.8232052384507, 144.947291011905"
Education Centre,School - Primary and Secondary Education,Melbourne Girls Grammar School,"-37.8315364518803, 144.985089428348"
Retail,Department Store,Myer,"-37.8135911985281, 144.963855087868"
Retail,Department Store,David Jones,"-37.8133127260638, 144.964373486798"
Health Services,Medical Services,Mercy Private Hospital,"-37.811896809802, 144.984435746587"
Mixed Use,Retail/Office/Carpark,ANZ 'Gothic' Bank,"-37.8161580666029, 144.961673719242"
Mixed Use,Nightclub,"Shed 9, Victoria Harbour, Docklands, 3008","-37.81656881500009, 144.94383499834845"
Mixed Use,Accommodation,"Sofitel Hotel, Collins Tower, 25 Collins Street, Melbourne, 3000","-37.81376526700552, 144.9729234875978"
Mixed Use,Bar,"Tenancy 47, Ground, 727 Collins Street, Docklands, 3008","-37.82046725912159, 144.94982290293075"
Mixed Use,Bar,"Ground & Rooftop, 103 Lonsdale Street, Melbourne, 3000","-37.81038063462455, 144.9692357633733"
Mixed Use,Museum,"11 Nicholson Street, Carlton, 3053","-37.80372847051283, 144.97373148063383"
Mixed Use,Nightclub,"Restaurant Crown Towers Hotel, Crown Casino, 8 Whiteman Street, Southbank, 3006","-37.82243272720292, 144.9601748810828"
Mixed Use,Bar,"Podium, 1 Southgate Avenue, Southbank, 3006","-37.82047861515797, 144.96589092458512"
Mixed Use,Venue,"4-6 Goldie Place, Melbourne, 3000","-37.813558526665716, 144.96075407581748"
Mixed Use,Nightclub,"Level 1, 26 King Street, Melbourne, 3000","-37.81961099011078, 144.95739295718033"
Mixed Use,Bar,"Shop 46B, Ground, 8 Whiteman Street, Southbank, 3006","-37.82237743370056, 144.96013664101957"
Mixed Use,Bar,"Unit 1, Basement, 313-315 Flinders Lane, Melbourne, 3000","-37.817456737067324, 144.96378913395765"
Mixed Use,Bar,"278-300 Swanston Street, Melbourne, 3000","-37.81103540168751, 144.96467176356475"
Mixed Use,Hotel,"94-96 Bourke Street, Melbourne, 3000","-37.812003038513254, 144.97032587079298"
Mixed Use,Hotel,"501 Bourke Street, Melbourne, 3000","-37.81557207833605, 144.9591017007643"
Mixed Use,Venue,"Level 2-3, 2 Coverlid Place, Melbourne, 3000","-37.812290077617654, 144.96856088051632"
Mixed Use,Bar,"Shop 54A, Level 2, 8 Whiteman Street, Southbank, 3006","-37.82237605653925, 144.96005715393778"
Mixed Use,Bar,"Shop 303, Level 3, 300 Lonsdale Street, Melbourne, 3000","-37.81049466323917, 144.96260892303593"
Mixed Use,Bar,"Ground, 65 Peel Street, West Melbourne, 3003","-37.80669546524965, 144.95560816104967"
Mixed Use,Venue,"Pt Ground & Levels 1-5, 334-342 City Road, Southbank, 3006","-37.82795247595504, 144.95758234751773"
Mixed Use,Bar,"Level 1, 413-417 Elizabeth Street, Melbourne, 3000","-37.80915406493112, 144.9606400792035"
Mixed Use,,"298 Lygon Street, Carlton, 3053","-37.799970643253964, 144.96723895405708"
Mixed Use,Performance space,"90-130 Swanston Street, Melbourne, 3000","-37.814912543799636, 144.9664536170434"
Mixed Use,Casino,"8 Whiteman Street, Southbank, 3006","-37.822486643580916, 144.96013363399763"
Mixed Use,Venue,"150-162 Flinders Street, Melbourne, 3000","-37.81672152422505, 144.9694950938554"
Mixed Use,,"577-583 Little Collins Street, Melbourne, 3000","-37.81764606140045, 144.95554920127617"
Mixed Use,Bar,"Rear, 88 Flinders Street, Melbourne, 3000","-37.81602795476901, 144.97181318906033"
Mixed Use,Venue,"293-299 La Trobe Street, Melbourne, 3000","-37.81071423194513, 144.96049941842946"
Mixed Use,Bar,"Ground & Level 1, 267 Little Collins Street, Melbourne, 3000","-37.81471253447779, 144.96556243961416"
Mixed Use,Bar,"Basement, 125 Flinders Lane, Melbourne, 3000","-37.81553872471665, 144.97036036207516"
Mixed Use,Nightclub,"Level 2, 318-322 Little Collins Street, Melbourne, 3000","-37.81503810840179, 144.96410864029963"
Mixed Use,Hotel,"421 Rathdowne Street, Carlton, 3053","-37.79645167488737, 144.97050823745553"
Mixed Use,Hotel,"Shed 9, Victoria Harbour, Docklands, 3008","-37.816571590803626, 144.9439939584494"
Mixed Use,Bar,"Ground, 397 Little Lonsdale Street, Melbourne, 3000","-37.81181776178239, 144.96018541434393"
Mixed Use,Amusement/Theme Venue,"78-86 Dudley Street, West Melbourne, 3003","-37.80900975220489, 144.9526861520936"
Mixed Use,Nightclub,"Ground, 113 Queen Street, Melbourne, 3000","-37.815890178211724, 144.9609036675483"
Mixed Use,Nightclub,"229 Queensbury St, Carlton,","-37.80447486558001, 144.9611358873818"
Mixed Use,,"Unit 1, 377 Lonsdale Street, Melbourne, 3000","-37.81267565867737, 144.96140750009823"
Mixed Use,Bar,"Level 1, 246 Russell Street, Melbourne, 3000","-37.81048858505954, 144.96722384705905"
Mixed Use,Bar,"Level 2, 79 Bourke Street, Melbourne, 3000","-37.81207864874162, 144.97105279643523"
Mixed Use,Bar,"Level 1, 16-20 Corrs Lane, Melbourne, 3000","-37.811157037789194, 144.96837654729146"
Mixed Use,Performance space,"AAMI Park, Olympic Park, 60 Olympic Boulevard, Melbourne, 3004","-37.823968769882505, 144.98255462534763"
Mixed Use,Bar,"12 Bligh Place, Melbourne, 3000","-37.81710896940462, 144.9637044827892"
Mixed Use,Multi-use,"Tenancy 6, Alfred Deakin Building, Federation Square, 2 Swanston Street, Melbourne, 3000","-37.81834623092842, 144.96908666163947"
Mixed Use,,"Level 55S, 525 Collins Street, Melbourne, 3000","-37.818353178519466, 144.95714325498983"
Mixed Use,Bar,"5 Riverside Quay, Southbank, 3006","-37.82144024332026, 144.96446071868732"
Mixed Use,Bar,"Unit 1, Basement, 277 Flinders Lane, Melbourne, 3000","-37.81703740632109, 144.96524327382468"
Mixed Use,Bar,"71 Collins Street, Melbourne, 3000","-37.81424168617854, 144.97130100975428"
Mixed Use,Public University/College,"Union House Building 130, 230 Grattan Street, Parkville, 3010","-37.799912958805734, 144.96063239627077"
Mixed Use,Venue,"Gnd & Bmt, 125 Swanston Street, Melbourne, 3000","-37.81474151304183, 144.96600928994255"
Mixed Use,Hotel,"Shop 1, 242 Exhibition Street, Melbourne, 3000","-37.809916568560254, 144.96975861429243"
Mixed Use,Performance space,"100 St Kilda Road, Southbank, 3006","-37.821552859925035, 144.96888500926758"
Mixed Use,Hotel,"223-227 Canning Street, Carlton, 3053","-37.7930358326425, 144.9735256623954"
Mixed Use,Bar,"502-504 Flinders Street, Melbourne, 3000","-37.82013879156501, 144.95772242087293"
Mixed Use,Museum,"400-424 Flinders Street, Melbourne, 3000","-37.81931971370013, 144.96049295002675"
Mixed Use,Hotel,"521 Macaulay Road, Kensington, 3031","-37.79436125976925, 144.92860315925475"
Mixed Use,Accommodation,"20 Parliament Place, East Melbourne, 3002","-37.811280207254434, 144.97559084778078"
Mixed Use,,"87-91 Arden Street, North Melbourne, 3051","-37.80085694095499, 144.94761918548477"
Mixed Use,,"Level 1-3, 256 Collins Street, Melbourne, 3000","-37.81569096024321, 144.96536899928205"
Mixed Use,Hotel,"240 King Street, Melbourne, 3000","-37.81460565414994, 144.95509368927424"
Mixed Use,Gallery,"100-186 La Trobe Street, Melbourne, 3000","-37.809097098049996, 144.96503629766326"
Mixed Use,Venue,"11 Singers Lane, Melbourne, 3000","-37.8112098332617, 144.95679721844013"
Mixed Use,,"621-633 Bourke Street, Melbourne, 3000","-37.816698511726194, 144.95514280793918"
Mixed Use,Venue,"John Curtin Hotel, 27-31 Lygon Street, Carlton, 3053","-37.806212169256085, 144.9658160624824"
Mixed Use,Nightclub,"383 Lonsdale Street, Melbourne, 3000","-37.812729378942684, 144.96122123033936"
Mixed Use,Bar,"Vault, 1-9 Princes Walk, Melbourne, 3000","-37.818689511539546, 144.96869720953168"
Mixed Use,Bar,"Level 1-4, 167-175 Franklin Street, Melbourne, 3000","-37.80871596791028, 144.95902457942904"
Mixed Use,Performance space,"Margaret Court Arena, Melbourne Park, 200 Batman Avenue, Melbourne, 3004","-37.8225900077663, 144.9779329217489"
Mixed Use,Nightclub,"Gnd & Mezzanine, 425 Collins Street, Melbourne, 3000","-37.8173778889626, 144.96055381695814"
Mixed Use,,"Alexandra Avenue, Melbourne, 3004","-37.82300093980653, 144.97482025339892"
Mixed Use,,"8 Spencer Street, Melbourne, 3000","-37.820719517066344, 144.95509884823858"
Mixed Use,Bar,"Ground, 59-63 Bourke Street, Melbourne, 3000","-37.8119532178998, 144.97148245909204"
Mixed Use,Hotel,"Shop 17, Ground, 18-38 Siddeley Street, Docklands, 3008","-37.82227454064513, 144.9535974644043"
Mixed Use,Multi-use,"Basement, 387 Flinders Lane, Melbourne, 3000","-37.818170221925946, 144.9612683910999"
Mixed Use,Theatre,"Level 1, 520-522 Flinders Street, Melbourne, 3000","-37.820357932687585, 144.95696625309793"
Mixed Use,Nightclub,"Basement,Part Ground & Part Level 8, 180 Russell Street, Melbourne, 3000","-37.812052247519325, 144.96793672846434"
Mixed Use,,"15 Dukes Walk, South Wharf, 3006","-37.82438903938934, 144.95063258929684"
Mixed Use,Bar,"Gnd & Flr1, 427 Little Collins Street, Melbourne, 3000","-37.81619295477831, 144.960463460251"
Mixed Use,Nightclub,"Ground, 120 King Street, Melbourne, 3000","-37.81726434461992, 144.95638356625756"
Mixed Use,Bar,"Level 1, 37-41 Little Bourke Street, Melbourne, 3000","-37.810747836953425, 144.97146559576274"
Mixed Use,Multi-use,"251 Faraday Street, Carlton, 3053","-37.79861750965004, 144.9654893886899"
Mixed Use,Performance space,"156 Collins Street, Melbourne, 3000","-37.8148247935781, 144.96831819904696"
Mixed Use,Amusement/Theme Venue,"300 Epsom Road, Flemington, 3032","-37.78040735195738, 144.91437999700486"
Mixed Use,Bar,"Level 1-2, 239 Lonsdale Street, Melbourne, 3000","-37.811527225540964, 144.96535317015017"
Mixed Use,Performance space,"300 Dudley Street, West Melbourne, 3003","-37.811437769852866, 144.9461726133059"
Mixed Use,,"Basement, 67 Hardware Lane, Melbourne, 3000","-37.81325334536212, 144.9610159338816"
Mixed Use,Bar,"Ground, 106 Little Lonsdale Street, Melbourne, 3000","-37.809251212232525, 144.96862686025293"
Mixed Use,Multi-use,"Level 1, 15 Queen Street, Melbourne, 3000","-37.818408350668456, 144.96207799460493"
Mixed Use,Performance space,"65-159 Victoria Street, Melbourne, 3000","-37.806188527484565, 144.9575348670326"
Mixed Use,Nightclub,"Vault 7-8, 375-377 Flinders Street, Melbourne, 3000","-37.81914827560788, 144.96232307486835"
Mixed Use,Bar,"Unit S13, Level 6, 252 Swanston Street, Melbourne, 3000","-37.81204087370973, 144.96505253454222"
Mixed Use,,"Suite 12, Basement, 108 Bourke Street, Melbourne, 3000","-37.8121190907495, 144.9699347659403"
Mixed Use,Nightclub,"Basement, 85 Queen Street, Melbourne, 3000","-37.816506994449085, 144.96120225838388"
Mixed Use,Theatre,"191-197 Collins Street, Melbourne, 3000","-37.81534585273267, 144.9675380003948"
Mixed Use,Nightclub,"Shop 52, Level 2, 8 Whiteman Street, Southbank, 3006","-37.82381122217111, 144.95741449297574"
Mixed Use,Venue,"238 Victoria Street, Melbourne, 3000","-37.80601960940114, 144.95855233201263"
Mixed Use,Venue,"110 William Street, Melbourne, 3000","-37.816671478507224, 144.95884607575877"
Mixed Use,Bar,"12 Bourke Street, Melbourne, 3000","-37.8113496150961, 144.97256750232202"
Mixed Use,,"Level 1, 188 Collins Street, Melbourne, 3000","-37.81509905764948, 144.96746914835032"
Mixed Use,Community hall,"149 Canning Street, Carlton, 3053","-37.795035125757934, 144.97317627114788"
Mixed Use,Theatre,"240 Exhibition Street, Melbourne, 3000","-37.81021736084806, 144.96989592744947"
Mixed Use,Bar,"Unit 1, LwrGround, 131 Queen Street, Melbourne, 3000","-37.815538920511045, 144.96075342315893"
Mixed Use,Bar,"21-25 Hardware Lane, Melbourne, 3000","-37.81406901492111, 144.96139208309128"
Mixed Use,Performance space,"230 Grattan Street, Parkville, 3010","-37.799910206479105, 144.9604734702218"
Mixed Use,Nightclub,"Basement, 105 Queen Street, Melbourne, 3000","-37.81607553369085, 144.96100472386703"
Mixed Use,Bar,"4A Centre Place, Melbourne, 3000","-37.81675634145909, 144.96562102792308"
Mixed Use,Bar,"Ground, 54 Hardware Lane, Melbourne, 3000","-37.813473669206125, 144.96119469998956"
Mixed Use,,"Level 15, 123 Queen Street, Melbourne, 3000","-37.8156945346344, 144.960819979804"
Mixed Use,Accommodation,"Pan Pacific Melbourne, 2 Convention Centre Place, South Wharf, 3006","-37.82511036230947, 144.9509891753036"
Mixed Use,Nightclub,"8 Whiteman Street, Southbank, 3006","-37.82242997287491, 144.96001590680228"
Mixed Use,Bar,"Casino, 8 Whiteman Street, Southbank, 3006","-37.82371881012607, 144.95746455234837"
Mixed Use,Library,"Pt Gnd ,Pt Mezz & Lvl 1, 253-265 Flinders Lane, Melbourne, 3000","-37.816868507007, 144.96581223646334"
Mixed Use,Nightclub,"Ground, 16-20 Corrs Lane, Melbourne, 3000","-37.81115429522088, 144.96821759637908"
Mixed Use,Bar,"41 Bourke Street, Melbourne, 3000","-37.81180924479099, 144.9719804643413"
Mixed Use,Hotel,"Unit 8-17, Level 3-12, 35 Elizabeth Street, Melbourne, 3000","-37.81739448122377, 144.964498854058"
Mixed Use,Hotel,"33 Errol Street, North Melbourne, 3051","-37.8042244812213, 144.94924245595533"
Mixed Use,Bar,"Shop 9, 800 Bourke Street, Docklands, 3008","-37.81926761043375, 144.94526954775787"
Mixed Use,Performance space,"2 Swanston Street, Melbourne, 3000","-37.81839877968878, 144.96896594005398"
Mixed Use,Bar,"1-23 City Road, Southbank, 3006","-37.82122194809231, 144.9675570806361"
Mixed Use,Library,"122 George Street, East Melbourne, 3002","-37.81527551487422, 144.9863774281896"
Mixed Use,Bar,"11A Highlander Lane, Melbourne, 3000","-37.81969180587922, 144.9580106038663"
Mixed Use,Accommodation,"487-503 Collins Street, Melbourne, 3000","-37.81812958399533, 144.95792591365702"
Mixed Use,,"Rear, 359 Lonsdale Street, Melbourne, 3000","-37.81255176993681, 144.9618356969375"
Mixed Use,Venue,"68 Little Collins Street, Melbourne, 3000","-37.81290578487124, 144.97136869242834"
Mixed Use,Bar,"62 Little Collins Street, Melbourne, 3000","-37.812865395242035, 144.97150999418588"
Mixed Use,Hotel,"45 South Wharf Promenade, South Wharf, 3006","-37.82407576505346, 144.95043329351685"
Mixed Use,Hotel,"Shop 12-16, Ground, 3 Southgate Avenue, Southbank, 3006","-37.82033397996246, 144.9664180424327"
Mixed Use,Amusement/Theme Venue,"Shop 5, 101 Waterfront Way, Docklands, 3008","-37.811708257763414, 144.93818411601958"
Mixed Use,Bar,"Basement & Rear, 389 Lonsdale Street, Melbourne, 3000","-37.81278386278497, 144.96103223580576"
Mixed Use,Bar,"176 Bellair Street, Kensington, 3031","-37.79363079251513, 144.9300832037398"
Mixed Use,Nightclub,"21-25 Croft Alley, Melbourne, 3000","-37.8120527407846, 144.96912389323862"
Mixed Use,Hotel,"29 South Wharf Promenade, South Wharf, 3006","-37.82411828690496, 144.95189029706034"
Mixed Use,Amusement/Theme Venue,"180 St Kilda Road, Southbank, 3006","-37.82289869795763, 144.9695692957962"
Mixed Use,Hotel,"199-203 Russell Street, Melbourne, 3000","-37.81176295391396, 144.96743873754548"
Mixed Use,Amusement/Theme Venue,"Sea Life Melbourne Aquarium, King Street, Melbourne, 3000","-37.8209995658432, 144.95804714265464"
Mixed Use,Multi-use,"2 Clarendon Street, South Wharf, 3006","-37.823627136260576, 144.9560231776494"
Mixed Use,Performance space,"17 Church Street, Parkville, 3052","-37.78783638375116, 144.9416332134173"
Mixed Use,Multi-use,"107 Victoria Harbour Promenade, Docklands, 3008","-37.819873054704324, 144.94075608935833"
Mixed Use,Bar,"100 St Kilda Road, Southbank, 3006","-37.82150031142338, 144.96900573614997"
Mixed Use,,"Casino, 8 Whiteman Street, Southbank, 3006","-37.8237160520609, 144.9573055755779"
Mixed Use,Bar,"Unit S2, Level 1, 252 Swanston Street, Melbourne, 3000","-37.812105299613584, 144.9651302795867"
Mixed Use,Bar,"Level 2 & Roof, 401 Swanston Street, Melbourne, 3000","-37.809036429996624, 144.96337709793107"
Mixed Use,Nightclub,"272 City Road, Southbank, 3006","-37.82629052318406, 144.95944606241918"
Mixed Use,Hotel,"Basement, 290 Collins Street, Melbourne, 3000","-37.81593815528815, 144.96453019096924"
Mixed Use,Theatre,"36-54 Courtney Street, North Melbourne, 3051","-37.80159050732829, 144.95372820780835"
Mixed Use,Hotel,"377-389 Cardigan Street, Carlton, 3053","-37.797284200523016, 144.965847915991"
Mixed Use,Hotel,"193-199 Bourke Street, Melbourne, 3000","-37.81309470257678, 144.9676166993641"
Mixed Use,Nightclub,"Basement, 20 King Street, Melbourne, 3000","-37.819775804387085, 144.95746975329038"
Mixed Use,Library,"Ground, 207 City Road, Southbank, 3006","-37.8253171546193, 144.96107200523335"
Mixed Use,Nightclub,"The Melbourne Savage Club, 12-16 Bank Place, Melbourne, 3000","-37.81658693170178, 144.96043647413035"
Mixed Use,Nightclub,"Basement, 43-49 Hardware Lane, Melbourne, 3000","-37.81359471929996, 144.96117047987784"
Mixed Use,Bar,"249 Little Lonsdale Street, Melbourne, 3000","-37.81051763850372, 144.9646508376141"
Mixed Use,Performance space,"161 Harbour Esplanade, Docklands, 3008","-37.81596806067532, 144.94497289363386"
Mixed Use,Hotel,"333-337 William Street, West Melbourne, 3003","-37.80777173629092, 144.9544061811974"
Mixed Use,Bar,"10 Russell Place, Melbourne, 3000","-37.81385598389118, 144.96744878525442"
Mixed Use,Performance space,"Rod Laver Arena, Melbourne Park, 200 Batman Avenue, Melbourne, 3004","-37.82258727739611, 144.97777394537906"
Mixed Use,Multi-use,"Level 1, 225 Bourke Street, Melbourne, 3000","-37.81328852220956, 144.96695028225128"
Mixed Use,Hotel,"The Metropolitan Hotel, 263-265 William Street, Melbourne, 3000","-37.812911404982586, 144.95676240471337"
Mixed Use,Hotel,"103-137 Spring Street, Melbourne, 3000","-37.81195937492122, 144.97313628316482"
Mixed Use,Bar,"Gnd & Flr1, 14 Corrs Lane, Melbourne, 3000","-37.811235398938436, 144.9683349834688"
Mixed Use,Bar,"2 Driver Lane, Melbourne, 3000","-37.81282106809502, 144.96298868379125"
Mixed Use,Nightclub,"Ground, 160-162 Lygon Street, Carlton, 3053","-37.80345202353251, 144.9666383380664"
Mixed Use,Bar,"13 Heffernan Lane, Melbourne, 3000","-37.811773258347344, 144.9666888906996"
Mixed Use,Hotel,"361-365 Victoria Street, West Melbourne, 3003","-37.8052879130126, 144.9494898220434"
Mixed Use,Bar,"113 Lonsdale Street, Melbourne, 3000","-37.81046224853603, 144.96895746044424"
Mixed Use,bar,"120 Exhibition Street, Melbourne, 3000","-37.81285332078208, 144.97110417388942"
Mixed Use,Bar,"2 Flinders Walk, Melbourne, 3000","-37.81890972470938, 144.96679263372738"
Mixed Use,Bar,"237 Lonsdale Street, Melbourne, 3000","-37.81150165387338, 144.9654399624449"
Mixed Use,Recording,"Gnd & Levels 1 -3, 120 King Street, Melbourne, 3000","-37.81726158549317, 144.95622460343756"
Mixed Use,Church,"St Michaels Uniting Church, 122-136 Collins Street, Melbourne, 3000","-37.81452691849391, 144.96935205119595"
Mixed Use,,"Kelvin Club, 14-30 Melbourne Place, Melbourne, 3000","-37.8132350970678, 144.96883724816743"
Mixed Use,Hotel,"46 Leveson Street, North Melbourne, 3051","-37.80370793018695, 144.951185078014"
Mixed Use,Venue,"Basement, 103 Flinders Lane, Melbourne, 3000","-37.815376525088666, 144.97089701596647"
Mixed Use,Multi-use,"Carpark, 100 St Kilda Road, Southbank, 3006","-37.82144364943292, 144.9688880032937"
Mixed Use,Nightclub,"Level 1, 163-165 Russell Street, Melbourne, 3000","-37.81248788571263, 144.9677712185572"
Mixed Use,Bar,"27-29 Tattersalls Lane, Melbourne, 3000","-37.8117627149045, 144.9654889438025"
Mixed Use,Theatre,"184-192 Collins Street, Melbourne, 3000","-37.81509631361538, 144.96731018907587"
Mixed Use,Bar,"Shop 2, 47-55 Little Bourke Street, Melbourne, 3000","-37.8108890793276, 144.97103359901016"
Mixed Use,Recording,"Suite 1, Ground, 135 Sturt Street, Southbank, 3006","-37.827341922099656, 144.96636533745024"
Mixed Use,Nightclub,"Ground, 20-24 Bond Street, Melbourne, 3000","-37.818180434552545, 144.96282893879925"
Mixed Use,Nightclub,"LwrGround, 25 Bank Place, Melbourne, 3000","-37.81630543173182, 144.9602164244812"
Mixed Use,Nightclub,"54-60 King Street, Melbourne, 3000","-37.81895269154036, 144.95708651070385"
Mixed Use,Hotel,"234-236 Domain Road, South Yarra, 3141","-37.83444869858646, 144.98562037149898"
Mixed Use,Bar,"171 Elgin Street, Carlton, 3053","-37.797432725686676, 144.96879689682868"
Mixed Use,Venue,"Berth 10, Victoria Harbour, Docklands, 3008","-37.817380564148905, 144.9423023877635"
Mixed Use,Hotel,"169 Domain Road, South Yarra, 3141","-37.83414391594419, 144.98179263809277"
Mixed Use,Nightclub,"8 Whiteman Street, Southbank, 3006","-37.82248526641422, 144.96005414679885"
Mixed Use,Bar,"Basement, 55 Elizabeth Street, Melbourne, 3000","-37.81697659904653, 144.96422322338523"
Mixed Use,Bar,"Shop 311, Level 3, 300 Lonsdale Street, Melbourne, 3000","-37.81016156449148, 144.96340822349765"
Mixed Use,Bar,"Shop 10, Campbell Arcade, Melbourne, 3000","-37.81780039372033, 144.96608291162394"
Mixed Use,Performance space,"Basement, 24 Block Place, Melbourne, 3000","-37.815398812509436, 144.96439685314675"
Mixed Use,Bar,"Ground, 19-23 Meyers Place, Melbourne, 3000","-37.81212244439291, 144.97221043633814"
Mixed Use,Bar,"Shop 4, 4 Riverside Quay, Southbank, 3006","-37.82109278417599, 144.96374450927075"
Mixed Use,Theatre,"199-219 Exhibition Street, Melbourne, 3000","-37.81089990679512, 144.96984175787586"
Mixed Use,Accommodation,"27 Little Collins Street, Melbourne, 3000","-37.812646032283375, 144.9726492304484"
Mixed Use,,"33 Block Place, Melbourne, 3000","-37.81530880548056, 144.96431671833355"
Mixed Use,Bar,"Unit S15, Level 7, 252 Swanston Street, Melbourne, 3000","-37.81197919475205, 144.96513374198747"
Mixed Use,Nightclub,"188-200 King Street, Melbourne, 3000","-37.815558987309416, 144.95553316188418"
Mixed Use,,"Unit 20, Basement, 35 Elizabeth Street, Melbourne, 3000","-37.817391733040644, 144.96433989015495"
Mixed Use,Church,"178-204 Palmerston Street, Carlton, 3053","-37.795962230869854, 144.9687595076568"
Mixed Use,Bar,"233 Lonsdale Street, Melbourne, 3000","-37.81146925497217, 144.9655499214504"
Mixed Use,,"Gnd & Bmt, 2 Drewery Place, Melbourne, 3000","-37.81119498448426, 144.9640484516178"
Mixed Use,,"Basement, 334-342 City Road, Southbank, 3006","-37.82794971778835, 144.95742336165304"
Mixed Use,Venue,"Gnd & Level 1, 14 Raglan Street, North Melbourne, 3051","-37.80432381180095, 144.95011526791205"
Mixed Use,Bar,"2 Lygon Street, Carlton, 3053","-37.80683784363076, 144.96605581842582"
Mixed Use,Multi-use,"Basement, 2-6 Parliament Place, East Melbourne, 3002","-37.81168447518055, 144.97552005641302"
Mixed Use,,"508-514 Flinders Street, Melbourne, 3000","-37.820280653979886, 144.95723615975294"
Mixed Use,Multi-use,"225 King Street, Melbourne, 3000","-37.81498068947084, 144.95490184835984"
Mixed Use,Nightclub,"Shop 53, Level 2, 8 Whiteman Street, Southbank, 3006","-37.823635015853306, 144.95781296125432"
Mixed Use,Hotel,"Young And Jacksons Hotel, 1 Swanston Street, Melbourne, 3000","-37.81736432768269, 144.96721031538397"
Mixed Use,Public University/College,"5-17 Flemington Road, North Melbourne, 3051","-37.80095036830012, 144.95617406859978"
Mixed Use,Nightclub,"LwrGround, 121-131 Collins Street, Melbourne, 3000","-37.81548538501546, 144.96956538490497"
Mixed Use,Hotel,"497 Queensberry Street, North Melbourne, 3051","-37.80332009816263, 144.95076027104383"
Mixed Use,Bar,"Basement & LwrGround, 45 Flinders Lane, Melbourne, 3000","-37.81476781579968, 144.97298148815318"
Mixed Use,Venue,"Level 1, 26 Errol Street, North Melbourne, 3051","-37.80449837044193, 144.94954077158977"
Mixed Use,Hotel,"95-101 Flinders Lane, Melbourne, 3000","-37.81533364912343, 144.97103885657114"
Mixed Use,Performance space,"Alexandra Avenue, Melbourne, 3004","-37.82080257920049, 144.97185569304133"
Mixed Use,Bar,"Level 1, 7-9 Waratah Place, Melbourne, 3000","-37.811626300807845, 144.96709845288777"
Mixed Use,Hotel,"Tenancy 29, Level 2, 2 Swanston Street, Melbourne, 3000","-37.81828956913258, 144.96896893362114"
Mixed Use,Multi-use,"Building 8, RMIT University, 360 Swanston Street, Melbourne, 3000","-37.80877875813838, 144.96362521955905"
Mixed Use,Venue,"Unit S3-S4, Level 2, 252 Swanston Street, Melbourne, 3000","-37.81204362060309, 144.96521148704275"
Mixed Use,Bar,"Ground, 1 Southbank Boulevard, Southbank, 3006","-37.820988535980156, 144.9625166793894"
Mixed Use,Theatre,"163-181 Spring Street, Melbourne, 3000","-37.810683700820334, 144.97255452673397"
Mixed Use,Performance space,"Melbourne Recital Centre, 31 Sturt Street, Southbank, 3006","-37.82430328303502, 144.9672846102551"
Mixed Use,Performance space,"Elliott Avenue, Parkville, 3052","-37.78535415162557, 144.9531734126854"
Mixed Use,Hotel,"115-127 Russell Street, Melbourne, 3000","-37.81364054478455, 144.96829657234807"
Mixed Use,Venue,"488 Swanston Street, Carlton, 3053","-37.805459370954416, 144.96327549662402"
Mixed Use,Bar,"Ground, 4 Riverside Quay, Southbank, 3006","-37.821090034747975, 144.96358553751085"
